"cryptoId","start","duration","open","close","high","low","volumeUSD","source","count","average","std","positive","negative","score"
"ltc","1546300800000","86400000",32.12,33.4,34.06,31.87,10542080.29,"reddit",78,2.91025641025641,0.6442227962256983,0.14102564102564102,0.24358974358974358,0.4385181996683223
"ltc","1546387200000","86400000",33.4,32.03,33.55,31.01,8407434.99,"reddit",65,2.646153846153846,0.5930564697660425,0.06153846153846154,0.4153846153846154,0.1406731017183731
"ltc","1546473600000","86400000",32.03,32.44,33.07,31.4,9571642.48,"reddit",48,2.8958333333333335,0.6531839752746199,0.16666666666666666,0.2708333333333333,0.4982748231607317
"ltc","1546560000000","86400000",32.44,34.94,36.61,32.43,26242864.68,"reddit",37,2.6486486486486487,0.5796651510683033,0.05405405405405406,0.40540540540540543,0.12271176925268779
"ltc","1546646400000","86400000",34.94,39.45,40.63,34.61,46298470.78,"reddit",92,2.6847826086956523,0.5884642471147467,0.06521739130434782,0.3804347826086957,0.15340129107874323
"ltc","1546732800000","86400000",39.45,37.98,40.05,37.22,18754874.63,"reddit",142,2.6971830985915495,0.638985073551319,0.09859154929577464,0.4014084507042254,0.24079138318227722
"ltc","1546819200000","86400000",37.98,39.56,41.5,37.8,32664600.02,"reddit",105,2.761904761904762,0.5777428909753565,0.0761904761904762,0.3142857142857143,0.19628298139544076
"ltc","1546905600000","86400000",39.56,38.92,40.51,38.76,17461355.45,"reddit",102,2.7450980392156863,0.6669549549684289,0.09803921568627451,0.35294117647058826,0.24771427959583692
"ltc","1546992000000","86400000",38.92,33.55,39.61,32.3,36893380.45,"reddit",121,2.768595041322314,0.6133545558770068,0.09917355371900827,0.3305785123966942,0.2571399904283307
"ltc","1547078400000","86400000",33.55,32,33.92,31.37,16929553.1,"reddit",67,2.656716417910448,0.6121222881913397,0.05970149253731343,0.3880597014925373,0.13839919455553473
"ltc","1547164800000","86400000",32,32.26,32.62,31.76,7476374.37,"reddit",91,2.6483516483516483,0.6691576856104761,0.08791208791208792,0.45054945054945056,0.20828903136865073
"ltc","1547251200000","86400000",32.26,30.11,33.16,29.75,14679267.49,"reddit",135,2.925925925925926,0.604055793714818,0.14814814814814814,0.2222222222222222,0.4849313121214529
"ltc","1547337600000","86400000",30.11,32.36,33.18,29.98,15211119.84,"reddit",126,2.873015873015873,0.6782812894990949,0.1746031746031746,0.30158730158730157,0.5024899267374159
"ltc","1547424000000","86400000",32.36,31.27,32.7,30.68,14517174.78,"reddit",96,2.65625,0.6427176187875979,0.09375,0.4375,0.22467232793840286
"ltc","1547510400000","86400000",31.27,31.63,32.2,30.93,9131089.33,"reddit",55,2.909090909090909,0.6402478858785096,0.16363636363636364,0.2545454545454545,0.5023581885919364
"ltc","1547596800000","86400000",31.63,31.83,31.97,30.21,13550416.88,"reddit",34,2.911764705882353,0.561910975721847,0.11764705882352941,0.20588235294117646,0.3989169496496807
"ltc","1547683200000","86400000",31.83,31.13,31.95,30.7,6279392.74,"reddit",62,2.8225806451612905,0.6844869410942882,0.16129032258064516,0.3387096774193548,0.4431875092007125
"ltc","1547769600000","86400000",31.13,32.57,33.56,31.13,10498137.63,"reddit",56,3.017857142857143,0.5506837123253312,0.16071428571428573,0.14285714285714285,0.6683152558490237
"ltc","1547856000000","86400000",32.57,30.76,33.41,30.48,14879390.29,"reddit",81,2.8518518518518516,0.6687211142691771,0.16049382716049382,0.30864197530864196,0.454031834713561
"ltc","1547942400000","86400000",30.76,31.04,31.37,30.57,8734012.47,"reddit",88,2.8636363636363638,0.6248966856757964,0.13636363636363635,0.2727272727272727,0.3995194041126984
"ltc","1548028800000","86400000",31.04,31.8,32.33,29.79,16668444.36,"reddit",42,2.761904761904762,0.6476890718445448,0.11904761904761904,0.35714285714285715,0.3078619874177537
"ltc","1548115200000","86400000",31.8,31.89,32.42,31.49,9501120.11,"reddit",53,2.830188679245283,0.6061274869512834,0.11320754716981132,0.2830188679245283,0.31964350994411506
"ltc","1548201600000","86400000",31.89,32.83,33.23,31.29,13092655.34,"reddit",48,2.8125,0.6005639710583156,0.10416666666666667,0.2916666666666667,0.2872501347755221
"ltc","1548288000000","86400000",32.83,32.91,33.24,32.11,10489840.9,"reddit",166,2.789156626506024,0.6287321432838143,0.09036144578313253,0.29518072289156627,0.24407212405336365
"ltc","1548374400000","86400000",32.91,32.98,34.19,32.74,11029096.9,"reddit",100,2.76,0.6499230723708769,0.09,0.31,0.23732305969836398
"ltc","1548460800000","86400000",32.98,32.34,33.25,31.43,9771662.13,"reddit",61,2.8360655737704916,0.7054896652901644,0.14754098360655737,0.32786885245901637,0.40440684076811917
"ltc","1548547200000","86400000",32.34,31.16,32.6,30.11,13945422.49,"reddit",71,2.816901408450704,0.6567066606690011,0.14084507042253522,0.323943661971831,0.38522306954990615
"ltc","1548633600000","86400000",31.16,31.01,31.45,30.14,6855506.36,"reddit",113,2.8053097345132745,0.6633037062457874,0.1415929203539823,0.336283185840708,0.3826934182249593
"ltc","1548720000000","86400000",31.01,31.83,32.07,30.68,8181417.59,"reddit",166,2.8313253012048194,0.6734066801196199,0.1566265060240964,0.3253012048192771,0.4338954092527336
"ltc","1548806400000","86400000",31.83,31.52,32.49,31.16,7035895.85,"reddit",81,2.814814814814815,0.5902732389077487,0.09876543209876543,0.2839506172839506,0.27451392025672594
"ltc","1548892800000","86400000",31.52,32.73,33.57,30.85,18195716.62,"reddit",75,2.88,0.6725077446889859,0.17333333333333334,0.29333333333333333,0.5034951577089488
"ltc","1548979200000","86400000",32.73,34.54,34.93,32.62,14161008.92,"reddit",79,2.7848101265822787,0.7056891070767776,0.16455696202531644,0.379746835443038,0.44260270215312403
"ltc","1549065600000","86400000",34.54,33.26,34.9,32.83,17235890.42,"reddit",40,2.6,0.5385164807134504,0.025,0.425,0.053425019458171574
"ltc","1549152000000","86400000",33.26,33.97,34.32,33.26,9547721.18,"reddit",87,2.67816091954023,0.6341661712245389,0.08045977011494253,0.39080459770114945,0.19226985625651438
"ltc","1549238400000","86400000",33.97,34.27,34.38,33.59,7498057.76,"reddit",83,2.6144578313253013,0.7252972020863813,0.07228915662650602,0.43373493975903615,0.16711683755348927
"ltc","1549324800000","86400000",34.27,32.81,34.42,32.23,13979420.1,"reddit",110,2.809090909090909,0.6395375395258748,0.1,0.2909090909090909,0.2749241389471757
"ltc","1549411200000","86400000",32.81,33.18,33.53,32.76,5986083.91,"reddit",68,2.9705882352941178,0.6410145505206878,0.19117647058823528,0.22058823529411764,0.6271270153128987
"ltc","1549497600000","86400000",33.18,43.13,46.2,32.84,84055816.36,"reddit",73,2.684931506849315,0.659528937929355,0.1095890410958904,0.4246575342465753,0.2701631855228268
"ltc","1549584000000","86400000",43.13,44.61,46,42.34,41263058.94,"reddit",146,2.856164383561644,0.6301742097403553,0.136986301369863,0.2808219178082192,0.39603563601575464
"ltc","1549670400000","86400000",44.61,46.86,47.42,42.12,43130681.3,"reddit",128,2.875,0.7071067811865476,0.1796875,0.3125,0.5125290481177638
"ltc","1549756800000","86400000",46.86,42.85,46.92,41.72,37222377.28,"reddit",112,2.7767857142857144,0.6775721024965772,0.14285714285714285,0.36607142857142855,0.3776700195143565
"ltc","1549843200000","86400000",42.85,43.93,44.64,41.88,23571151.58,"reddit",98,2.7653061224489797,0.6356905358029603,0.09183673469387756,0.336734693877551,0.23420732510470765
"ltc","1549929600000","86400000",43.93,41.69,44.76,40.72,24294209.8,"reddit",92,2.7065217391304346,0.634823554367341,0.09782608695652174,0.391304347826087,0.23991210830537302
"ltc","1550016000000","86400000",41.69,41.39,42.41,40.35,16171844.66,"reddit",55,2.7454545454545456,0.6665564647208496,0.10909090909090909,0.34545454545454546,0.2816503197460545
"ltc","1550102400000","86400000",41.39,42.69,44.53,41.3,22527408.54,"reddit",42,2.738095238095238,0.6195053252979854,0.047619047619047616,0.3333333333333333,0.11487526582261487
"ltc","1550188800000","86400000",42.69,43.56,44.45,42.4,18426867.17,"reddit",49,2.857142857142857,0.8571428571428574,0.30612244897959184,0.4489795918367347,0.8836200955824791
"ltc","1550275200000","86400000",43.56,44.06,45.2,42.77,21549854.45,"reddit",52,2.6153846153846154,0.5933557161746732,0.057692307692307696,0.4423076923076923,0.12970007633392044
"ltc","1550361600000","86400000",44.06,47.88,49.23,43.7,52653038.49,"reddit",62,2.935483870967742,0.6188169707500282,0.12903225806451613,0.20967741935483872,0.4343865347314082
"ltc","1550448000000","86400000",47.88,47.35,49.27,46.92,28910849.45,"reddit",18,3.111111111111111,0.6573421981221795,0.2777777777777778,0.16666666666666666,0.9051482536448667
"ltc","1550534400000","86400000",47.35,51.68,52.43,46.6,46073399.51,"reddit",76,2.9473684210526314,0.6667820768063122,0.19736842105263158,0.25,0.6133572603953827
"ltc","1550620800000","86400000",51.68,48.99,51.83,48.04,29601563.22,"reddit",91,2.7362637362637363,0.5899369464382217,0.07692307692307693,0.34065934065934067,0.1914604066282124
"ltc","1550707200000","86400000",48.99,49.64,50.08,48.25,22370701.89,"reddit",61,2.6721311475409837,0.6947416426366259,0.13114754098360656,0.45901639344262296,0.33510800539535546
"ltc","1550793600000","86400000",49.64,51.8,52.23,48.27,29571108.37,"reddit",106,2.7735849056603774,0.6336926650470441,0.11320754716981132,0.33962264150943394,0.29551448125532254
"ltc","1550880000000","86400000",51.8,43.98,53.98,42.99,53400456.26,"reddit",111,2.9279279279279278,0.6937521912857102,0.2072072072072072,0.27927927927927926,0.618400427819886
"ltc","1550966400000","86400000",43.98,45.76,47.1,43.87,27597859.86,"reddit",51,2.784313725490196,0.6359715584402688,0.11764705882352941,0.3333333333333333,0.3107980715425307
"ltc","1551052800000","86400000",45.76,45.05,46.13,44.47,15035190.14,"reddit",63,2.7936507936507935,0.5951851828334185,0.09523809523809523,0.30158730158730157,0.25595299313441244
"ltc","1551139200000","86400000",45.05,45.37,45.75,43,19754320.8,"reddit",84,2.857142857142857,0.8185768303652904,0.2261904761904762,0.35714285714285715,0.6410769611853462
"ltc","1551225600000","86400000",45.37,45.92,47.02,45.04,20601471.53,"reddit",72,2.875,0.6859199013814303,0.18055555555555555,0.3055555555555556,0.518976954314162
"ltc","1551312000000","86400000",45.92,47.38,49.21,45.81,22331216.18,"reddit",47,2.74468085106383,0.6347418676670763,0.10638297872340426,0.3617021276595745,0.2696353936767373
"ltc","1551398400000","86400000",47.38,48.9,49.63,46.93,16000113.72,"reddit",21,2.6666666666666665,0.7126966450997985,0.14285714285714285,0.47619047619047616,0.37458856039440813
"ltc","1551484800000","86400000",48.9,48.17,49.39,47.51,12354527.62,"reddit",57,2.754385964912281,0.57064757779967,0.05263157894736842,0.2807017543859649,0.13970530282831417
"ltc","1551571200000","86400000",48.17,46.13,48.5,45.05,20225824.28,"reddit",61,2.7704918032786887,0.524590163934426,0.04918032786885246,0.2786885245901639,0.13052793790434092
"ltc","1551657600000","86400000",46.13,52.97,54.68,45.79,53767660.24,"reddit",37,2.7567567567567566,0.8512440944877633,0.16216216216216217,0.3783783783783784,0.4352751008196083
"ltc","1551744000000","86400000",52.97,55.85,57.12,51.74,45099842.87,"reddit",113,2.6814159292035398,0.6553454365158804,0.09734513274336283,0.40707964601769914,0.23669073675007657
"ltc","1551830400000","86400000",55.85,57.24,59.67,54.32,62850020.25,"reddit",87,2.793103448275862,0.6276746179988988,0.11494252873563218,0.3218390804597701,0.30684197092913235
"ltc","1551916800000","86400000",57.24,56,58.06,54.66,36929888.04,"reddit",93,2.78494623655914,0.6533530120844436,0.11827956989247312,0.3225806451612903,0.3166187309102153
"ltc","1552003200000","86400000",56,58.18,59.97,55.81,35616997.48,"reddit",67,2.5522388059701493,0.5803648386633906,0.04477611940298507,0.4925373134328358,0.09792563874333471
"ltc","1552089600000","86400000",58.18,57.05,58.26,56.34,20109173.5,"reddit",51,2.7450980392156863,0.7096847478766215,0.11764705882352941,0.39215686274509803,0.29679378803513035
"ltc","1552176000000","86400000",57.05,55.34,57.68,54.42,28027927.26,"reddit",56,2.732142857142857,0.6941354187706005,0.14285714285714285,0.4107142857142857,0.370985344944581
"ltc","1552262400000","86400000",55.34,56.97,57.41,52.85,35704676.8,"reddit",55,2.7636363636363637,0.6019252857180675,0.09090909090909091,0.32727272727272727,0.23428190918447145
"ltc","1552348800000","86400000",56.97,55.85,57.19,54.88,19651084.43,"reddit",83,2.9156626506024095,0.6802696006502705,0.1927710843373494,0.27710843373493976,0.5757798282858102
"ltc","1552435200000","86400000",55.85,56.34,58.36,53.75,26061662.5,"reddit",24,2.9166666666666665,0.5713045500334204,0.125,0.20833333333333334,0.4218990052500078
"ltc","1552521600000","86400000",56.34,58.91,59.53,56.34,26872691.5,"reddit",27,2.962962962962963,0.5078262666963738,0.1111111111111111,0.14814814814814814,0.46701823632056105
"ltc","1552608000000","86400000",58.91,61.61,62.42,58.9,37934813.18,"reddit",49,2.9591836734693877,0.6688150860479161,0.16326530612244897,0.22448979591836735,0.5327229449832613
"ltc","1552694400000","86400000",61.61,60.97,61.67,60.11,15515518.05,"reddit",36,2.5277777777777777,0.6002828551381751,0.05555555555555555,0.5277777777777778,0.1256482316362615
"ltc","1552780800000","86400000",60.97,59.67,62.97,58.63,29816436.94,"reddit",24,3.2916666666666665,0.6109532624422993,0.20833333333333334,0,1
"ltc","1552867200000","86400000",59.67,60.17,60.56,58.91,26075400.25,"reddit",174,2.7701149425287355,0.6814647750704209,0.13218390804597702,0.367816091954023,0.34466339835857207
"ltc","1552953600000","86400000",60.17,60.91,61.41,57.64,26738191.6,"reddit",74,3,0.6575959492214292,0.21621621621621623,0.21621621621621623,0.706896115421225
"ltc","1553040000000","86400000",60.91,58.9,61.18,57.73,24050017.97,"reddit",34,2.7941176470588234,0.5830655176940885,0.08823529411764706,0.29411764705882354,0.23819261834524985
"ltc","1553126400000","86400000",58.9,59.61,60.05,58.44,17858409.46,"reddit",37,3.054054054054054,0.6553705758368725,0.1891891891891892,0.16216216216216217,0.715959564914169
"ltc","1553212800000","86400000",59.61,61.13,61.76,59.41,16110632.4,"reddit",7,2.5714285714285716,0.49487165930539345,0,0.42857142857142855,0
"ltc","1553299200000","86400000",61.13,59.95,61.15,59.22,12148395.4,"reddit",19,2.9473684210526314,0.7590634264134714,0.2631578947368421,0.3157894736842105,0.7571846005138554
"ltc","1553385600000","86400000",59.95,59.16,60.74,58.44,22042229.11,"reddit",29,2.9310344827586206,0.639559896241083,0.1724137931034483,0.2413793103448276,0.5435944989953858
"ltc","1553472000000","86400000",59.16,59.08,59.39,57.63,18059979.32,"reddit",44,2.75,0.6440285143320343,0.11363636363636363,0.36363636363636365,0.2903175836844838
"ltc","1553558400000","86400000",59.08,61.77,62.06,58.96,28520711.49,"reddit",46,2.5869565217391304,0.5347119076629931,0.021739130434782608,0.43478260869565216,0.0459675821048966
"ltc","1553644800000","86400000",61.77,60.74,61.77,60.53,10750955.87,"reddit",39,2.8974358974358974,0.6322475900481003,0.15384615384615385,0.2564102564102564,0.46892829159575
"ltc","1553731200000","86400000",60.74,61.81,62.06,60.34,17513213.85,"reddit",75,2.7733333333333334,0.5555377774933239,0.06666666666666667,0.29333333333333333,0.1757141414090606
"ltc","1553817600000","86400000",61.81,60.71,61.96,60.07,13893502.56,"reddit",50,2.66,0.551724568965349,0.04,0.38,0.09049584212529749
"ltc","1553904000000","86400000",60.71,60.78,60.92,60.14,7340032.43,"reddit",35,2.6285714285714286,0.5897076411585798,0.05714285714285714,0.42857142857142855,0.12890838522271353
"ltc","1553990400000","86400000",60.78,60.7,61.16,60.31,10612221.08,"reddit",26,2.769230769230769,0.6965680875490321,0.15384615384615385,0.38461538461538464,0.4081032552343249
"ltc","1554076800000","86400000",60.7,77.67,79.3,60.54,106916001.95,"reddit",30,2.7666666666666666,0.615539510420646,0.1,0.3333333333333333,0.25869180995481633
"ltc","1554163200000","86400000",77.67,85.58,99.51,75.8,275141280.34,"reddit",42,2.880952380952381,0.5434624862149204,0.09523809523809523,0.21428571428571427,0.3111688799421406
"ltc","1554249600000","86400000",85.58,85.15,90.44,80.88,87772734.12,"reddit",134,2.791044776119403,0.6238377475822792,0.11194029850746269,0.3208955223880597,0.2981861397760781
"ltc","1554336000000","86400000",85.15,88.95,90.6,84.55,47567521.18,"reddit",86,2.941860465116279,0.5777794534327836,0.13953488372093023,0.19767441860465115,0.487295685569729
"ltc","1554422400000","86400000",88.95,92.63,98.13,85.73,85304471.59,"reddit",62,2.661290322580645,0.6942981693558353,0.12903225806451613,0.46774193548387094,0.32932322821736437
"ltc","1554508800000","86400000",92.63,92.16,95.95,89.48,45227857.84,"reddit",93,2.78494623655914,0.6533530120844436,0.12903225806451613,0.34408602150537637,0.3415687007574977
"ltc","1554595200000","86400000",92.16,89.61,94.36,86.76,52290938.3,"reddit",93,2.806451612903226,0.6092135687834537,0.10752688172043011,0.3010752688172043,0.29309433342640934
"ltc","1554681600000","86400000",89.61,87.02,89.8,84.1,35219742.78,"reddit",59,2.6779661016949152,0.6749934831098268,0.1016949152542373,0.4067796610169492,0.24896615260873922
"ltc","1554768000000","86400000",87.02,88.34,91.94,86.55,43012158.62,"reddit",46,2.6739130434782608,0.5917677212528782,0.06521739130434782,0.391304347826087,0.15214284891342422
"ltc","1554854400000","86400000",88.34,79.44,88.66,75.46,65966674.79,"reddit",41,2.8780487804878048,0.7712872341874097,0.1951219512195122,0.34146341463414637,0.5487153291577405
"ltc","1554940800000","86400000",79.44,78.98,81.27,75.72,31699968.15,"reddit",56,2.75,0.6338656910463875,0.10714285714285714,0.35714285714285715,0.27290508056313256
"ltc","1555027200000","86400000",78.98,78.15,81.69,76.49,22750241.69,"reddit",47,2.872340425531915,0.6055425306705408,0.1276595744680851,0.2553191489361702,0.3843659602041598
"ltc","1555113600000","86400000",78.15,83.94,84.11,76.65,26572376.46,"reddit",32,2.90625,0.6304450313072505,0.15625,0.25,0.4825598285864787
"ltc","1555200000000","86400000",83.94,78.27,84.87,75.09,50093126.59,"reddit",51,2.803921568627451,0.6268379358096386,0.11764705882352941,0.3137254901960784,0.3182883755615722
"ltc","1555286400000","86400000",78.27,81.03,81.88,77.34,29190460.65,"reddit",35,2.6857142857142855,0.6220440302022068,0.08571428571428572,0.4,0.20537067595698333
"ltc","1555372800000","86400000",81.03,79.34,82.25,78.79,19601415.8,"reddit",16,2.625,0.5994789404140899,0.0625,0.4375,0.14189319376693255
"ltc","1555459200000","86400000",79.34,82.27,84.06,79.31,32895650.15,"reddit",46,2.8043478260869565,0.6794999829603384,0.15217391304347827,0.34782608695652173,0.4115700556740227
"ltc","1555545600000","86400000",82.27,82.7,83.69,80.25,23768207.09,"reddit",18,2.5555555555555554,0.4969039949999532,0,0.4444444444444444,0
"ltc","1555632000000","86400000",82.7,81.69,83.21,79.91,16021066.64,"reddit",32,3.03125,0.63661089960823,0.21875,0.1875,0.7541271826357197
"ltc","1555718400000","86400000",81.69,77.39,82.38,73.82,37374750.66,"reddit",24,2.8333333333333335,0.687184270936277,0.16666666666666666,0.3333333333333333,0.4621171572600098
"ltc","1555804800000","86400000",77.39,77.14,78.38,75.61,32399030.77,"reddit",34,2.676470588235294,0.580090674215177,0.058823529411764705,0.38235294117647056,0.13678895113990164
"ltc","1555891200000","86400000",77.14,74.26,79.98,74.06,40426825.18,"reddit",49,2.6122448979591835,0.6644416569836613,0.10204081632653061,0.4897959183673469,0.2498082915622979
"ltc","1555977600000","86400000",74.26,73.34,75.22,70.67,44933944.55,"reddit",42,2.880952380952381,0.585636851249945,0.11904761904761904,0.23809523809523808,0.3704019533306313
"ltc","1556064000000","86400000",73.34,71,74.8,69.55,33677881.72,"reddit",37,2.8378378378378377,0.6783729944870882,0.16216216216216217,0.32432432432432434,0.45170645943604826
"ltc","1556150400000","86400000",71,72.8,74.26,69.39,34173341.74,"reddit",83,2.7710843373493974,0.664509987139165,0.13253012048192772,0.3614457831325301,0.34723972192915453
"ltc","1556236800000","86400000",72.8,71.31,72.98,71.21,9823319.74,"reddit",20,2.55,0.58949130612758,0.05,0.5,0.11065611052473812
"ltc","1556323200000","86400000",71.54,69.1,72.12,68.17,19081863.97,"reddit",26,2.8461538461538463,0.6617173282340482,0.15384615384615385,0.3076923076923077,0.43357073893017706
"ltc","1556409600000","86400000",69.1,67.94,69.65,66.13,19040237.23,"reddit",14,2.9285714285714284,0.4573660169594893,0.07142857142857142,0.14285714285714285,0.3078619874177537
"ltc","1556496000000","86400000",67.94,75.12,75.55,67.94,32676813.23,"reddit",63,2.7301587301587302,0.5964537850176489,0.07936507936507936,0.3492063492063492,0.19628298139544054
"ltc","1556582400000","86400000",75.12,73.85,76.44,72.47,20640192.08,"reddit",48,2.8541666666666665,0.6451609403000841,0.125,0.25,0.379948962255225
"ltc","1556668800000","86400000",73.85,73.86,75.39,72.91,14247007.66,"reddit",25,2.84,0.5425863986500213,0.08,0.24,0.24030524464556913
"ltc","1556755200000","86400000",73.86,79.29,81.26,73.49,38328796.09,"reddit",89,2.831460674157303,0.6223542662528643,0.12359550561797752,0.29213483146067415,0.3470239153705643
"ltc","1556841600000","86400000",79.29,78.13,82.98,74.89,33490956.73,"reddit",57,2.719298245614035,0.6689710864890392,0.12280701754385964,0.40350877192982454,0.3106421962845096
"ltc","1556928000000","86400000",78.13,75.99,78.46,75.74,13801585.96,"reddit",47,2.595744680851064,0.6411284754603981,0.0851063829787234,0.48936170212765956,0.2015501590176827
"ltc","1557014400000","86400000",75.99,75.48,77.45,72.01,30549117.85,"reddit",37,2.891891891891892,0.6486486486486485,0.16216216216216217,0.2702702702702703,0.4842883262000892
"ltc","1557100800000","86400000",75.48,74.28,79.23,73.92,34561616.92,"reddit",33,2.878787878787879,0.590714808776301,0.12121212121212122,0.24242424242424243,0.37382072932062504
"ltc","1557187200000","86400000",74.28,75.05,76,72.54,27869743.59,"reddit",96,2.71875,0.6724198372296879,0.125,0.40625,0.3169070838751127
"ltc","1557273600000","86400000",75.05,74.07,76.25,72.67,23396317.43,"reddit",55,2.709090909090909,0.6515081042606877,0.10909090909090909,0.4,0.2708471185167214
"ltc","1557360000000","86400000",74.07,76.8,79.35,72.65,37418168.49,"reddit",92,2.847826086956522,0.569797496612224,0.09782608695652174,0.25,0.2913126124515908
"ltc","1557446400000","86400000",76.8,88,95.57,76.8,119735064.59,"reddit",38,2.710526315789474,0.6847164121714573,0.13157894736842105,0.42105263157894735,0.3357232864415458
"ltc","1557532800000","86400000",88,84.83,93.97,83.64,105778608.03,"reddit",35,2.8,0.6676183683170244,0.14285714285714285,0.34285714285714286,0.38429792947654784
"ltc","1557619200000","86400000",84.83,87.63,93.01,84.27,88541268.14,"reddit",10,3,0.4472135954999579,0.1,0.1,0.5545997223493822
"ltc","1557705600000","86400000",87.63,91.5,94.23,86.04,84347816.37,"reddit",47,2.723404255319149,0.7056648490117872,0.14893617021276595,0.425531914893617,0.3895335257475607
"ltc","1557792000000","86400000",91.5,102.17,104.2,90.6,132205809.06,"reddit",89,2.831460674157303,0.6743445432864567,0.1348314606741573,0.3146067415730337,0.37068141521905473
"ltc","1557878400000","86400000",102.17,95.66,107.35,90.87,138495208.29,"reddit",126,2.9682539682539684,0.6659103797905722,0.19047619047619047,0.23015873015873015,0.6133151645258921
"ltc","1557964800000","86400000",95.66,89.98,97.44,84.45,94231089.09,"reddit",88,2.7613636363636362,0.6214776779034238,0.09090909090909091,0.3181818181818182,0.23715579322341807
"ltc","1558051200000","86400000",89.98,86.71,90.7,85.29,23627769.07,"reddit",115,2.747826086956522,0.5570649522798945,0.06086956521739131,0.3130434782608696,0.15404925323906138
"ltc","1558137600000","86400000",86.71,95.06,97.18,86.29,59765605.48,"reddit",35,2.4571428571428573,0.7687785169756407,0.05714285714285714,0.5142857142857142,0.12890838522271353
"ltc","1558224000000","86400000",95.06,91.64,95.06,87.45,46265048.54,"reddit",77,1.2727272727272727,1.5427784316797397,0.07792207792207792,0.6753246753246753,0.22963647213823735
"ltc","1558310400000","86400000",91.64,91.24,93.43,89.4,26482019.5,"reddit",52,1.9038461538461537,1.3764449105271068,0.09615384615384616,0.6346153846153846,0.2741867047549196
"ltc","1558396800000","86400000",91.24,87.73,92.46,85.74,43067466.59,"reddit",47,1.7234042553191489,1.4688557952419747,0.10638297872340426,0.6170212765957447,0.30195658394408875
"ltc","1558483200000","86400000",87.73,88.89,89.78,84.81,25228830.78,"reddit",68,1.1470588235294117,1.4578863213404385,0.04411764705882353,0.6911764705882353,0.11998654405235243
"ltc","1558569600000","86400000",88.89,100.54,103.87,88.32,95413936.21,"reddit",36,0.8333333333333334,1.322875655532295,0.05555555555555555,0.8333333333333334,0.291312612451591
"ltc","1558656000000","86400000",100.54,102.97,104.97,99,53834523.24,"reddit",54,1.0185185185185186,1.4336012765156971,0.05555555555555555,0.7407407407407407,0.18203913731408372
"ltc","1558742400000","86400000",102.97,112.48,114.6,99.23,75929219.85,"reddit",95,0.7578947368421053,1.2873129049440375,0.042105263157894736,0.8315789473684211,0.19778078980138103
"ltc","1558828800000","86400000",112.48,116.95,122.01,111.48,116815063.86,"reddit",90,1.1555555555555554,1.467508176097693,0.05555555555555555,0.7,0.1609264802237551
"ltc","1558915200000","86400000",116.95,114.93,118.32,111.48,59757827.13,"reddit",106,0.9622641509433962,1.3592765022134243,0.02830188679245283,0.7641509433962265,0.0889895597368322
"ltc","1559001600000","86400000",114.93,115.29,118.44,108.81,65505601.64,"reddit",41,1.146341463414634,1.4066215468581675,0.024390243902439025,0.7073170731707317,0.0641750044276288
"ltc","1559088000000","86400000",115.29,108.05,120.83,102.09,126986475.48,"reddit",79,2.607594936708861,0.8629904075473076,0.10126582278481013,0.3924050632911392,0.24946170198189233
"ltc","1559174400000","86400000",108.05,114.4,114.67,104.57,53707340.65,"reddit",57,2.736842105263158,0.6077371254627638,0.08771929824561403,0.3508771929824561,0.21904832513300554
"ltc","1559260800000","86400000",114.4,112.45,115.99,110.99,45332248.65,"reddit",52,2.8076923076923075,0.7854068406408515,0.21153846153846154,0.38461538461538464,0.5921381940765629
"ltc","1559347200000","86400000",112.45,114.58,116.62,111.72,33350726.17,"reddit",50,2.88,0.6209669878504009,0.14,0.26,0.42084458776737943
"ltc","1559433600000","86400000",114.58,105.86,116.2,104.73,67628309.56,"reddit",22,2.6363636363636362,0.8282212344676635,0.09090909090909091,0.36363636363636365,0.22523744416873215
"ltc","1559520000000","86400000",105.86,102.12,106.26,97.53,94029316.6,"reddit",88,2.7613636363636362,0.7686221169584482,0.11363636363636363,0.3181818181818182,0.3043309348679579
"ltc","1559606400000","86400000",102.12,103.85,105.64,100.16,42155538.44,"reddit",70,2.7857142857142856,0.7347080497499304,0.14285714285714285,0.32857142857142857,0.3895596910269903
"ltc","1559692800000","86400000",103.85,111.41,112.17,101.12,54665468.1,"reddit",52,2.269230769230769,1.162149609979856,0.11538461538461539,0.5384615384615384,0.3000038268370071
"ltc","1559779200000","86400000",111.41,117.08,121.24,109.98,99567398.84,"reddit",125,2.88,0.6764613810115107,0.16,0.288,0.46464622744098905
"ltc","1559865600000","86400000",117.08,118.51,120.02,114.04,50810494.02,"reddit",126,2.6746031746031744,0.7107939343669021,0.09523809523809523,0.3888888888888889,0.23300310804286428
"ltc","1559952000000","86400000",118.51,114.87,119.24,111.42,57577635.82,"reddit",84,2.7023809523809526,0.8420462873936202,0.10714285714285714,0.30952380952380953,0.2882927882002746
"ltc","1560038400000","86400000",114.87,129.83,130.6,112.7,134810621.18,"reddit",67,2.925373134328358,0.6304093158788917,0.16417910447761194,0.23880597014925373,0.5195923964395788
"ltc","1560124800000","86400000",129.83,136.08,138.89,125.43,146752666.45,"reddit",98,2.704081632653061,0.609603144132402,0.08163265306122448,0.37755102040816324,0.19727730264959709
"ltc","1560211200000","86400000",136.08,136.16,144.1,130.66,178167094.7,"reddit",96,2.875,0.649519052838329,0.15625,0.28125,0.457248715865443
"ltc","1560297600000","86400000",136.16,130.86,136.88,128.2,97769556.22,"reddit",73,2.863013698630137,0.7460410303665811,0.136986301369863,0.2191780821917808,0.45053580718693476
"ltc","1560384000000","86400000",130.86,132.71,133.14,125.76,90240790.16,"reddit",39,2.5641025641025643,0.9817533189270075,0.1282051282051282,0.41025641025641024,0.3261748341059554
"ltc","1560470400000","86400000",132.71,138.35,139.95,132.6,75572742.77,"reddit",37,2.972972972972973,0.6361406646453954,0.1891891891891892,0.21621621621621623,0.6265981519036159
"ltc","1560556800000","86400000",138.35,136.95,138.99,133.82,73161853.09,"reddit",56,2.6785714285714284,0.7584557350569751,0.125,0.4107142857142857,0.31650588120642986
"ltc","1560643200000","86400000",136.95,134.19,137.24,132.2,55550896.78,"reddit",100,2.9,0.7280109889280518,0.17,0.26,0.5179610999649062
"ltc","1560729600000","86400000",134.19,135.13,136.84,128.95,71740945.29,"reddit",69,2.6666666666666665,0.6293927753799553,0.07246376811594203,0.391304347826087,0.17097676812909746
"ltc","1560816000000","86400000",135.13,136.83,139.73,133.74,66785121.77,"reddit",63,2.6666666666666665,0.7766431633476233,0.12698412698412698,0.4126984126984127,0.3223052879392114
"ltc","1560902400000","86400000",136.83,135.78,137.15,133.52,45190399.13,"reddit",174,2.793103448275862,0.729319176055876,0.08045977011494253,0.21839080459770116,0.25684393607951894
"ltc","1560988800000","86400000",135.78,139.07,141.52,135.6,97460299.94,"reddit",55,2.8727272727272726,0.6046650599387594,0.12727272727272726,0.2545454545454545,0.38371749781235787
"ltc","1561075200000","86400000",139.07,141.77,146.22,137.84,151828308.67,"reddit",32,2.625,0.649519052838329,0.09375,0.46875,0.22467232793840286
"ltc","1561161600000","86400000",141.77,136.83,142.54,135.7,66259643.65,"reddit",70,2.6857142857142855,0.6446008098673414,0.1,0.4142857142857143,0.2434880876098533
"ltc","1561248000000","86400000",136.83,135.4,136.84,132.4,67623179.87,"reddit",102,2.7450980392156863,0.836499176772609,0.10784313725490197,0.2647058823529412,0.31370790829278894
"ltc","1561334400000","86400000",135.4,135.51,138.18,128.94,77855980.63,"reddit",271,3.011070110701107,0.48202673927108247,0.12177121771217712,0.11070110701107011,0.6147904729962961
"ltc","1561420800000","86400000",135.51,130.52,138.1,124.63,167536020.69,"reddit",76,2.736842105263158,0.6563138901757852,0.11842105263157894,0.3815789473684211,0.30075076724298877
"ltc","1561507200000","86400000",130.52,114.24,131.91,109.8,187412748.32,"reddit",85,2.9058823529411764,0.5449992857364929,0.10588235294117647,0.2,0.36388443824239003
"ltc","1561593600000","86400000",114.24,119.46,121.69,112.59,75718483.97,"reddit",104,2.4615384615384617,0.979826092527461,0.0673076923076923,0.41346153846153844,0.15548981812610307
"ltc","1561680000000","86400000",119.46,133.44,136.26,115.12,130527487.76,"reddit",139,2.7482014388489207,0.8054984173973189,0.1366906474820144,0.3237410071942446,0.37244531667921654
"ltc","1561766400000","86400000",133.44,122.16,136.72,119.64,122496129.04,"reddit",106,2.8207547169811322,0.7110604598570295,0.1792452830188679,0.3584905660377358,0.4936056468285932
"ltc","1561852800000","86400000",122.16,122.67,126.54,113.43,93695854.66,"reddit",79,2.7341772151898733,0.6102263692756429,0.08860759493670886,0.35443037974683544,0.22073803873786035
"ltc","1561939200000","86400000",122.67,118.68,123.47,112.06,81213984.24,"reddit",53,2.7547169811320753,0.697858189015356,0.1509433962264151,0.39622641509433965,0.3974651836620724
"ltc","1562025600000","86400000",118.68,121.97,123.12,117.22,47270275.25,"reddit",72,2.9305555555555554,0.7514132774846651,0.25,0.3194444444444444,0.7205730560570309
"ltc","1562112000000","86400000",121.97,119.67,127.15,118.84,61088369.34,"reddit",90,2.7,0.7063206700139035,0.1,0.3888888888888889,0.24637775671140405
"ltc","1562198400000","86400000",119.67,118.53,120.72,116.68,36829423.24,"reddit",32,2.84375,0.6665852814906732,0.15625,0.3125,0.43867447545174065
"ltc","1562284800000","86400000",118.53,118.31,122.2,117.31,29641430.67,"reddit",42,2.5714285714285716,0.6949771199679249,0.047619047619047616,0.42857142857142855,0.10566470066528333
"ltc","1562371200000","86400000",118.31,120.17,121.18,117.18,25074134.32,"reddit",120,2.7,0.6403124237432855,0.1,0.4,0.2449186624037092
"ltc","1562457600000","86400000",120.17,123.46,125.56,118.35,42627269.42,"reddit",60,2.7,0.6403124237432851,0.1,0.4,0.2449186624037092
"ltc","1562544000000","86400000",123.46,119.44,124.13,117.93,47649877.06,"reddit",50,2.8,0.6324555320336759,0.1,0.28,0.2803099608427593
"ltc","1562630400000","86400000",119.44,108.23,120.42,100.6,117716939.7,"reddit",64,2.8125,0.6343057228182637,0.09375,0.296875,0.25346225329255234
"ltc","1562716800000","86400000",108.23,103.04,108.3,95.38,107441125,"reddit",116,2.6982758620689653,0.6850601230373734,0.1206896551724138,0.41379310344827586,0.30341046584428244
"ltc","1562803200000","86400000",103.04,105.07,107.02,100.68,45922892.02,"reddit",77,2.779220779220779,0.5948562332778593,0.09090909090909091,0.3116883116883117,0.23937622652198942
"ltc","1562889600000","86400000",105.07,101.06,105.38,97.55,45660651.07,"reddit",74,2.6486486486486487,0.7058143166054373,0.0945945945945946,0.4189189189189189,0.22800006987393462
"ltc","1562976000000","86400000",101.06,89.76,101.77,88.06,81062462.86,"reddit",32,2.9375,0.7473912964438374,0.1875,0.28125,0.5562945209486434
"ltc","1563062400000","86400000",89.76,90.45,92.92,84.89,69654393.28,"reddit",84,2.8095238095238093,0.6263307827602811,0.11904761904761904,0.30952380952380953,0.3243835820168779
"ltc","1563148800000","86400000",90.45,79.63,91.84,76.69,85001538.46,"reddit",46,2.891304347826087,0.6334261862753681,0.15217391304347827,0.2608695652173913,0.4596863901879493
"ltc","1563235200000","86400000",79.63,90.22,94.78,76.96,123945194.67,"reddit",56,2.75,0.6338656910463875,0.10714285714285714,0.35714285714285715,0.27290508056313256
"ltc","1563321600000","86400000",90.22,101.27,104.64,87.12,117878354.35,"reddit",93,2.7311827956989245,0.6245821819981765,0.07526881720430108,0.3548387096774194,0.18398706933239106
"ltc","1563408000000","86400000",101.27,98.66,101.51,95.05,59177748.14,"reddit",83,2.5421686746987953,0.8110859122750279,0.04819277108433735,0.39759036144578314,0.10892058789825643
"ltc","1563494400000","86400000",98.66,100.43,105.79,97.62,55318879.69,"reddit",55,2.9454545454545453,0.7240839182450862,0.2,0.2727272727272727,0.6014413230503088
"ltc","1563580800000","86400000",100.43,99.69,101.59,96.5,34298918.02,"reddit",64,2.9375,0.6817945071647321,0.203125,0.265625,0.6167378070449339
"ltc","1563667200000","86400000",99.69,95.17,100.81,91.08,55904700.29,"reddit",47,2.617021276595745,0.6375882580328385,0.06382978723404255,0.425531914893617,0.14582789229571747
"ltc","1563753600000","86400000",95.17,89.97,95.17,88.48,47232003.01,"reddit",53,2.641509433962264,0.5174078943698902,0.018867924528301886,0.37735849056603776,0.04138260285499995
"ltc","1563840000000","86400000",89.97,94.44,97.24,86.76,60787891.93,"reddit",164,2.6646341463414633,0.6742424748794665,0.10365853658536585,0.4268292682926829,0.25301095323085887
"ltc","1563926400000","86400000",94.44,93.37,96.73,91.44,31292379.65,"reddit",55,2.6363636363636362,0.6705123241667553,0.10909090909090909,0.4727272727272727,0.2691245110571081
"ltc","1564012800000","86400000",93.37,94.2,94.59,90.26,25229983.24,"reddit",26,2.769230769230769,0.6965680875490321,0.15384615384615385,0.38461538461538464,0.4081032552343249
"ltc","1564099200000","86400000",94.2,88.78,96.3,86.61,41042279.59,"reddit",54,2.6296296296296298,0.5198395869488219,0.018518518518518517,0.3888888888888889,0.040156965055256455
"ltc","1564185600000","86400000",88.78,89.77,90.82,83.58,30279359.97,"reddit",70,2.8,0.6676183683170241,0.11428571428571428,0.32857142857142857,0.30239323595535295
"ltc","1564272000000","86400000",89.77,90.27,92.24,87.41,27355521.79,"reddit",87,2.8160919540229883,0.6526468766242939,0.11494252873563218,0.27586206896551724,0.3292449183801671
"ltc","1564358400000","86400000",90.27,90.27,92.65,88.5,16539809.24,"reddit",76,1.881578947368421,1.4506541651700475,0.11842105263157894,0.5657894736842105,0.3197740021402262
"ltc","1564444800000","86400000",90.27,98.84,99.94,89.99,44906478.21,"reddit",72,2.9027777777777777,0.648924799234648,0.1388888888888889,0.25,0.4256281972349947
"ltc","1564531200000","86400000",98.84,98.84,101.04,95.81,35563126.37,"reddit",92,2.782608695652174,0.5865538070970451,0.06521739130434782,0.29347826086956524,0.1715449312811752
"ltc","1564617600000","86400000",98.84,94.77,98.93,92.75,34237623.19,"reddit",78,1.9487179487179487,1.3671741012070033,0.07692307692307693,0.5384615384615384,0.18360825300066086
"ltc","1564704000000","86400000",94.77,94.16,96.68,93.59,23272435.67,"reddit",53,2.6037735849056602,0.5936653857566894,0.03773584905660377,0.41509433962264153,0.0828815335374109
"ltc","1564790400000","86400000",94.16,92.93,94.73,90.6,26611561.93,"reddit",107,2.822429906542056,0.6946132402266186,0.1588785046728972,0.32710280373831774,0.44019087761174425
"ltc","1564876800000","86400000",92.93,96.4,106.87,92.93,90359287.28,"reddit",123,2.845528455284553,0.6251181394062141,0.12195121951219512,0.2682926829268293,0.35637492356060174
"ltc","1564963200000","86400000",96.4,92.98,99.23,91,43453719.56,"reddit",65,2.8,0.6126863923612273,0.1076923076923077,0.3076923076923077,0.29071043333834057
"ltc","1565049600000","86400000",92.98,90.54,94.39,87.39,41440056.62,"reddit",54,2.6666666666666665,0.6666666666666664,0.1111111111111111,0.4444444444444444,0.27406158896076627
"ltc","1565136000000","86400000",90.54,90.13,92.75,87.93,26108872.84,"reddit",48,2.5625,0.5364330495659889,0.020833333333333332,0.4583333333333333,0.04360868824639286
"ltc","1565222400000","86400000",90.13,84.31,90.41,82.66,34222400.14,"reddit",101,2.6435643564356437,0.622740007664015,0.07920792079207921,0.43564356435643564,0.18522122491354676
"ltc","1565308800000","86400000",84.31,85.24,87.3,82.04,31921220.75,"reddit",209,2.784688995215311,0.6962339044369414,0.14354066985645933,0.3492822966507177,0.3843412733924041
"ltc","1565395200000","86400000",85.24,89.9,91.35,85.23,24017219.17,"reddit",143,2.6713286713286712,0.7458624685859236,0.1048951048951049,0.4195804195804196,0.25697577793385706
"ltc","1565481600000","86400000",89.9,85.78,89.97,85.44,20253850.85,"reddit",84,2.857142857142857,0.6572463686591553,0.13095238095238096,0.2857142857142857,0.37382072932062504
"ltc","1565568000000","86400000",85.78,84.56,86.54,83.14,22380914.49,"reddit",63,2.7142857142857144,0.6998542122237651,0.14285714285714285,0.42857142857142855,0.3704019533306313
"ltc","1565654400000","86400000",84.56,75.79,86.06,74.58,41767504.1,"reddit",46,2.847826086956522,0.5885646248122123,0.10869565217391304,0.2608695652173913,0.31893384029684135
"ltc","1565740800000","86400000",75.79,76.27,77.75,70.95,38179289.98,"reddit",83,2.5903614457831323,0.560467631306651,0.03614457831325301,0.4457831325301205,0.07809333530368523
"ltc","1565827200000","86400000",76.27,74.79,76.37,72.28,25019351.23,"reddit",69,2.681159420289855,0.9245877047963228,0.13043478260869565,0.391304347826087,0.335031145795462
"ltc","1565913600000","86400000",74.79,72.72,75.42,71.68,14816089.15,"reddit",93,2.763440860215054,0.6783574320682803,0.10752688172043011,0.3225806451612903,0.2843908316920156
"ltc","1566000000000","86400000",72.72,76.35,78.09,71.43,24952824.92,"reddit",72,2.7916666666666665,0.5253966755382706,0.05555555555555555,0.2638888888888889,0.15345064777156847
"ltc","1566086400000","86400000",76.35,77.14,78.95,75.6,22625326.01,"reddit",36,2.7222222222222223,0.6060395619242063,0.08333333333333333,0.3611111111111111,0.20475660617097535
"ltc","1566172800000","86400000",77.14,75.08,77.26,73.3,14553284.07,"reddit",24,2.9583333333333335,0.5384519993050034,0.125,0.16666666666666666,0.4849313121214529
"ltc","1566259200000","86400000",75.08,73.1,75.32,70.08,25868630.69,"reddit",50,2.74,0.5219195340279957,0.04,0.3,0.10066796057400396
"ltc","1566345600000","86400000",73.1,73.78,74.6,70.99,18003508.49,"reddit",52,2.8076923076923075,0.6515797825422084,0.1346153846153846,0.3269230769230769,0.36474911738990223
"ltc","1566432000000","86400000",73.78,75.46,75.97,72.5,16023241.91,"reddit",105,2.723809523809524,0.6545843915215082,0.11428571428571428,0.3904761904761905,0.2871865362930539
"ltc","1566518400000","86400000",75.46,73.34,75.6,71.69,12594935.88,"reddit",96,3.0104166666666665,0.6372923136642676,0.20833333333333334,0.19791666666666666,0.7096242676335296
"ltc","1566604800000","86400000",73.34,72.15,74.82,70.73,14419560.44,"reddit",42,3.0476190476190474,0.6529194857524803,0.23809523809523808,0.19047619047619047,0.7982427545398871
"ltc","1566691200000","86400000",72.15,73.45,75.47,72.13,18149240.18,"reddit",41,2.8780487804878048,0.6322673852105228,0.14634146341463414,0.2682926829268293,0.4348880190720683
"ltc","1566777600000","86400000",73.45,72.75,73.55,71.98,11227578.06,"reddit",56,2.9285714285714284,0.775912892228587,0.19642857142857142,0.30357142857142855,0.5696866563673078
"ltc","1566864000000","86400000",72.75,66.81,72.97,64.93,34799826.85,"reddit",71,2.7183098591549295,0.585820685720716,0.056338028169014086,0.323943661971831,0.1394025222276314
"ltc","1566950400000","86400000",66.81,63.5,66.81,62.26,23305011.36,"reddit",149,2.771812080536913,0.6463195271142813,0.12080536912751678,0.348993288590604,0.31531493823934165
"ltc","1567036800000","86400000",63.5,64.23,65.58,62.23,14228167.66,"reddit",172,2.703488372093023,0.6814737235662891,0.11627906976744186,0.4186046511627907,0.2900410752460669
"ltc","1567123200000","86400000",64.23,64.39,65.33,62.45,10329025.1,"reddit",33,2.606060606060606,0.5999693900976768,0.06060606060606061,0.45454545454545453,0.13663996695649616
"ltc","1567209600000","86400000",64.39,66.11,67.32,64.09,14474883.67,"reddit",79,2.810126582278481,0.637954590802742,0.12658227848101267,0.31645569620253167,0.34441303091237385
"ltc","1567296000000","86400000",66.11,67.15,68.04,65.14,15562050.78,"reddit",21,2.619047619047619,0.5753831415997415,0.047619047619047616,0.42857142857142855,0.10566470066528333
"ltc","1567382400000","86400000",67.15,69.12,70.96,66.63,21359360.04,"reddit",62,2.7903225806451615,0.5718418677818009,0.08064516129032258,0.2903225806451613,0.2172782536207858
"ltc","1567468800000","86400000",69.12,67.17,69.35,66.63,18453931.2,"reddit",44,2.7045454545454546,0.6244832574560949,0.09090909090909091,0.38636363636363635,0.22133927495618422
"ltc","1567555200000","86400000",67.17,65.7,67.47,64.25,16723045.47,"reddit",68,2.8529411764705883,0.6006052310782978,0.11764705882352941,0.2647058823529412,0.3450276020473819
"ltc","1567641600000","86400000",65.7,65.44,68.13,64.08,18941379.84,"reddit",38,2.8684210526315788,0.6947567780233729,0.18421052631578946,0.3157894736842105,0.525083943312195
"ltc","1567728000000","86400000",65.44,68.9,70.57,64.65,19178646.32,"reddit",24,2.9166666666666665,0.5713045500334204,0.125,0.20833333333333334,0.4218990052500078
"ltc","1567814400000","86400000",68.9,70.56,71.83,68.26,21273543.7,"reddit",17,2.5294117647058822,0.605625302411,0.058823529411764705,0.5294117647058824,0.1341078730559584
"ltc","1567900800000","86400000",70.56,69.98,71.5,67.95,14088757.04,"reddit",52,2.8846153846153846,0.8003327710263389,0.19230769230769232,0.34615384615384615,0.5383659928573707
"ltc","1567987200000","86400000",69.98,70.78,73.16,69.82,20199011.62,"reddit",36,2.7222222222222223,0.8695819912499182,0.19444444444444445,0.4722222222222222,0.5494876504960162
"ltc","1568073600000","86400000",70.78,69.84,71.58,68.3,12103295.11,"reddit",25,3.04,0.7199999999999999,0.28,0.24,0.8382556757532011
"ltc","1568160000000","86400000",69.84,69.24,70.07,68.42,7909158.13,"reddit",14,3,0.6546536707079771,0.21428571428571427,0.21428571428571427,0.7039056039366212
"ltc","1568246400000","86400000",69.24,69.13,69.65,67.4,10223076.04,"reddit",38,2.8684210526315788,0.6557860944409004,0.15789473684210525,0.2894736842105263,0.4569950555894895
"ltc","1568332800000","86400000",69.13,70.7,71.44,68.41,10052205.4,"reddit",22,2.9545454545454546,0.5622416762205902,0.13636363636363635,0.18181818181818182,0.5005202111902349
"ltc","1568419200000","86400000",70.7,70.26,71.46,69.9,7913495.84,"reddit",20,2.7,0.5567764362830021,0.05,0.35,0.11848839476958561
"ltc","1568505600000","86400000",70.26,72.83,73.84,69.6,20756751.92,"reddit",94,2.851063829787234,0.5641307907899089,0.09574468085106383,0.24468085106382978,0.2882291956536853
"ltc","1568592000000","86400000",72.83,74.18,77.67,72.34,27100738.33,"reddit",20,2.9,0.6244997998398398,0.15,0.25,0.4621171572600098
"ltc","1568678400000","86400000",74.18,77.77,80.25,74.15,31933771.29,"reddit",21,2.619047619047619,0.5753831415997415,0.047619047619047616,0.42857142857142855,0.10566470066528333
"ltc","1568764800000","86400000",77.77,76.92,77.79,72.69,33840356.44,"reddit",20,3,0.5477225575051661,0.15,0.15,0.6133572603953825
"ltc","1568851200000","86400000",76.92,75.15,77.2,73,20180700.54,"reddit",39,2.6923076923076925,0.6056929133855241,0.07692307692307693,0.38461538461538464,0.18360825300066086
"ltc","1568937600000","86400000",75.15,73.28,75.56,72.27,12822183.93,"reddit",25,2.68,0.6764613810115105,0.12,0.44,0.30036191035943216
"ltc","1569024000000","86400000",73.28,72.36,73.34,71.13,11859854.95,"reddit",39,2.6923076923076925,0.5617667256463242,0.05128205128205128,0.358974358974359,0.12052921729150179
"ltc","1569110400000","86400000",72.36,66.47,74.23,62.02,33941387.58,"reddit",15,2.466666666666667,0.618241233033047,0.06666666666666667,0.6,0.16514041292462944
"ltc","1569196800000","86400000",66.47,55.1,67.34,54.93,53859147.06,"reddit",42,2.5238095238095237,0.6263307827602812,0.07142857142857142,0.5476190476190477,0.1695425643067454
"ltc","1569283200000","86400000",55.1,57.55,58.51,53.1,36929276.44,"reddit",105,2.723809523809524,0.5772717127882568,0.06666666666666667,0.34285714285714286,0.1631786159537234
"ltc","1569369600000","86400000",57.55,55.21,57.62,50.43,34620142.26,"reddit",74,2.7162162162162162,0.688128489539136,0.13513513513513514,0.4189189189189189,0.3466941344701373
"ltc","1569456000000","86400000",55.21,56.04,56.89,52.81,16592275.44,"reddit",54,2.6666666666666665,0.6382847385042251,0.09259259259259259,0.42592592592592593,0.2219940110366414
"ltc","1569542400000","86400000",56.04,55.57,56.43,53.98,13331506.94,"reddit",17,2.764705882352941,0.7299808027053446,0.17647058823529413,0.4117647058823529,0.4780149722497584
"ltc","1569628800000","86400000",55.57,54.02,55.77,52.33,12350382.07,"reddit",25,2.96,0.82365041127896,0.28,0.28,0.8131859905663357
"ltc","1569715200000","86400000",54.02,56.19,56.47,52.69,17149394.53,"reddit",72,2.6944444444444446,0.6591005843169261,0.1111111111111111,0.4166666666666667,0.2750813798266063
"ltc","1569801600000","86400000",56.19,55.83,57.76,55.06,15023825.78,"reddit",19,2.526315789473684,0.6781104593013225,0.10526315789473684,0.5789473684210527,0.2801812829500683
"ltc","1569888000000","86400000",55.83,56.52,56.76,55.39,8035825.66,"reddit",20,2.7,0.714142842854285,0.15,0.45,0.3941185679308148
"ltc","1569974400000","86400000",56.52,56.48,57.09,53.96,13447816.99,"reddit",15,2.8,0.6531972647421808,0.13333333333333333,0.3333333333333333,0.35835739835078595
"ltc","1570060800000","86400000",56.48,56.51,57.58,55.36,11125292.23,"reddit",10,2.8,0.6,0.1,0.3,0.2708471185167214
"ltc","1570147200000","86400000",56.51,56.91,57.49,55.79,8416714.25,"reddit",11,3.090909090909091,0.6680426571226848,0.2727272727272727,0.18181818181818182,0.8798266996519848
"ltc","1570233600000","86400000",56.91,54.57,57.05,53.28,13658913.07,"reddit",11,3,0.6030226891555273,0.18181818181818182,0.18181818181818182,0.6559743341284772
"ltc","1570320000000","86400000",54.57,57.64,58.79,53.38,16778993.73,"reddit",18,3.111111111111111,0.7370277311900888,0.3333333333333333,0.2222222222222222,0.9338280432225916
"ltc","1570406400000","86400000",57.64,57.14,58.57,56.65,7714679.84,"reddit",17,2.3529411764705883,0.5882352941176471,0,0.5882352941176471,0
"ltc","1570492800000","86400000",57.14,59.32,60.04,56.72,14159300.74,"reddit",67,2.8358208955223883,0.6132130920648997,0.11940298507462686,0.2835820895522388,0.3387072946100449
"ltc","1570579200000","86400000",59.32,57.77,59.5,57.22,8282394.8,"reddit",41,2.926829268292683,0.6004162743946914,0.14634146341463414,0.21951219512195122,0.48204202442530697
"ltc","1570665600000","86400000",57.77,55.94,58.64,55.52,14575376.13,"reddit",24,2.5833333333333335,0.5713045500334203,0.041666666666666664,0.4583333333333333,0.0906594777770402
"ltc","1570752000000","86400000",55.94,55.86,56.63,55.66,4335588.27,"reddit",21,2.380952380952381,0.48562090605645564,0,0.6190476190476191,0
"ltc","1570838400000","86400000",55.86,56.57,57.78,55.78,6426625,"reddit",42,2.8095238095238093,0.6982322999340562,0.16666666666666666,0.35714285714285715,0.4542164326822591
"ltc","1570924800000","86400000",56.57,56.95,57.3,56.15,5417774.68,"reddit",25,3.36,0.7418894796396563,0.44,0.12,0.9995193765743622
"ltc","1571011200000","86400000",56.95,54.65,57.49,53.66,15112063.52,"reddit",21,2.9523809523809526,0.7853534524986019,0.19047619047619047,0.2857142857142857,0.5624185091066973
"ltc","1571097600000","86400000",54.65,52.56,55.36,51.24,14425214.4,"reddit",30,2.9,0.7895146188218009,0.26666666666666666,0.36666666666666664,0.7581013890917789
"ltc","1571184000000","86400000",52.56,55,55.22,51.64,9814596.03,"reddit",36,2.9166666666666665,0.721687836487032,0.16666666666666666,0.2777777777777778,0.4929879666753243
"ltc","1571270400000","86400000",55,53.4,55.04,52.26,8339835.31,"reddit",38,2.710526315789474,0.6029704861784002,0.07894736842105263,0.3684210526315789,0.19148433841875256
"ltc","1571356800000","86400000",53.4,53.92,54.24,52.8,5486110.98,"reddit",6,2.5,0.7637626158259734,0.16666666666666666,0.6666666666666666,0.6351489523872873
"ltc","1571443200000","86400000",53.92,55.02,55.64,52.8,7452092.7,"reddit",17,2.4705882352941178,0.4991341984846218,0,0.5294117647058824,0
"ltc","1571529600000","86400000",55.02,54.8,55.79,53.87,8135803.89,"reddit",7,2.857142857142857,0.9897433186107869,0.14285714285714285,0.42857142857142855,0.3704019533306313
"ltc","1571616000000","86400000",54.8,53.51,55.23,53.19,6540309.43,"reddit",38,2.9210526315789473,0.7391879950099021,0.23684210526315788,0.3157894736842105,0.6848732260209327
"ltc","1571702400000","86400000",53.51,49.58,53.55,47.43,21710154.94,"reddit",25,2.68,0.6764613810115107,0.12,0.44,0.30036191035943216
"ltc","1571788800000","86400000",49.58,49.74,50.41,48.49,12044508.45,"reddit",28,2.75,0.6338656910463875,0.10714285714285714,0.35714285714285715,0.27290508056313256
"ltc","1571875200000","86400000",49.74,57,58.84,49.21,34378308.48,"reddit",9,2.888888888888889,0.5665577237325317,0.1111111111111111,0.2222222222222222,0.35835739835078595
"ltc","1571961600000","86400000",57,56.9,63.88,54.25,46243330.67,"reddit",43,2.627906976744186,0.6478320128922846,0.06976744186046512,0.4186046511627907,0.16145354610797336
"ltc","1572048000000","86400000",56.9,59.94,62.9,55.84,29418135.86,"reddit",42,2.642857142857143,0.7502833931708915,0.14285714285714285,0.47619047619047616,0.37458856039440813
"ltc","1572134400000","86400000",59.94,57.87,62.67,57.69,23342273.12,"reddit",29,2.896551724137931,0.8027894294360564,0.27586206896551724,0.3793103448275862,0.7835672642594613
"ltc","1572220800000","86400000",57.87,59.87,60.88,57.86,18216529.45,"reddit",25,2.72,0.5306599664568641,0.04,0.32,0.09734698882599702
"ltc","1572307200000","86400000",59.87,58.03,61.18,56.96,14145729.78,"reddit",40,2.675,0.6077622890571608,0.075,0.4,0.17669724962943567
"ltc","1572393600000","86400000",58.03,58.43,59.79,57.2,12753569.89,"reddit",15,2.8666666666666667,0.6182412330330469,0.13333333333333333,0.26666666666666666,0.39411856793081457
"ltc","1572480000000","86400000",58.43,58.4,58.97,56.88,9101954.41,"reddit",55,2.5636363636363635,0.6256236557849185,0.03636363636363636,0.4909090909090909,0.07818766287860734
"ltc","1572566400000","86400000",58.4,58.43,59.33,57.96,6769022.69,"reddit",20,2.6,0.7348469228349535,0.15,0.55,0.4256281972349949
"ltc","1572652800000","86400000",58.43,58.42,58.79,57.37,6147071.77,"reddit",19,2.8947368421052633,0.6402907926629705,0.15789473684210525,0.2631578947368421,0.4762955162141358
"ltc","1572739200000","86400000",58.42,61.5,62.82,58.02,19593318.34,"reddit",63,2.8095238095238093,0.5870870479018073,0.09523809523809523,0.2857142857142857,0.26290891970625707
"ltc","1572825600000","86400000",61.5,63.21,64.19,60.97,17360410.97,"reddit",52,2.769230769230769,0.5756395979652217,0.07692307692307693,0.3076923076923077,0.20037671852040995
"ltc","1572912000000","86400000",63.21,64.17,64.3,62.68,11908989.71,"reddit",72,2.6944444444444446,0.5925202502139316,0.06944444444444445,0.375,0.16514041292462944
"ltc","1572998400000","86400000",64.17,61.4,64.31,60.28,15530844.63,"reddit",24,2.75,0.6614378277661477,0.125,0.375,0.32151273753163445
"ltc","1573084800000","86400000",61.4,60.4,62.43,58.79,19043961.71,"reddit",53,2.5849056603773586,0.6568639692652534,0.05660377358490566,0.4339622641509434,0.12732451090270325
"ltc","1573171200000","86400000",60.4,62.11,62.37,60.17,8244673.59,"reddit",42,2.7142857142857144,0.5471012044321929,0.047619047619047616,0.3333333333333333,0.11487526582261487
"ltc","1573257600000","86400000",62.11,63.73,65.92,61.17,28385428.36,"reddit",35,2.7142857142857144,0.5642405045180426,0.05714285714285714,0.34285714285714286,0.13800266513638104
"ltc","1573344000000","86400000",63.73,61.8,64.35,60.53,13692412.06,"reddit",16,2.8125,0.7261843774138906,0.1875,0.375,0.51640765518518
"ltc","1573430400000","86400000",61.8,61.38,62.25,59.79,10832998.87,"reddit",39,2.6153846153846154,0.6249260311258431,0.07692307692307693,0.46153846153846156,0.17861875218285306
"ltc","1573516800000","86400000",61.38,60.96,61.97,60.28,6408129.77,"reddit",11,2.4545454545454546,0.49792959773196915,0,0.5454545454545454,0
"ltc","1573603200000","86400000",60.96,58.98,61.08,58.45,9193805.47,"reddit",17,2.6470588235294117,0.7624400821656306,0.17647058823529413,0.5294117647058824,0.5129070584608086
"ltc","1573689600000","86400000",58.98,57.58,60.7,56.24,17348802,"reddit",16,2.75,0.5590169943749475,0.0625,0.3125,0.158648504297499
"ltc","1573776000000","86400000",57.58,58.35,58.94,57.17,7292019.83,"reddit",42,2.9523809523809526,0.6884205854667123,0.21428571428571427,0.2619047619047619,0.6532755679136542
"ltc","1573862400000","86400000",58.35,59.28,60.1,57.71,7287568.72,"reddit",27,2.6666666666666665,0.7200822998230956,0.1111111111111111,0.4074074074074074,0.2758796652496507
"ltc","1573948800000","86400000",59.28,55.86,59.39,54.08,16662513.22,"reddit",18,2.7222222222222223,0.6502611061510903,0.1111111111111111,0.3888888888888889,0.2781854903257026
"ltc","1574035200000","86400000",55.86,55.16,56.24,54.29,10146475.06,"reddit",33,2.757575757575758,0.5521474896451091,0.06060606060606061,0.30303030303030304,0.15586201838289293
"ltc","1574121600000","86400000",55.16,54.99,56.15,54.66,7614714.85,"reddit",40,2.675,0.5651327277728656,0.05,0.375,0.11542528833494647
"ltc","1574208000000","86400000",54.99,50.69,55.27,48.38,21203866.82,"reddit",33,2.606060606060606,0.6936680692278544,0.12121212121212122,0.5151515151515151,0.3126947390843646
"ltc","1574294400000","86400000",50.69,47.5,51.69,43.66,36123836.88,"reddit",25,2.6,0.5656854249492381,0.04,0.44,0.08719062707656478
"ltc","1574380800000","86400000",47.5,48.33,48.68,46.43,10295122.97,"reddit",15,2.6,0.4898979485566357,0,0.4,0
"ltc","1574467200000","86400000",48.33,44.06,48.44,43.68,13925086.67,"reddit",21,2.619047619047619,0.48562090605645564,0,0.38095238095238093,0
"ltc","1574553600000","86400000",44.06,45.66,47.54,42.33,26803686.28,"reddit",21,2.5714285714285716,0.5832118435198044,0.047619047619047616,0.47619047619047616,0.10461581914865059
"ltc","1574640000000","86400000",45.66,47.07,47.61,45.39,10193885.06,"reddit",18,2.7222222222222223,0.558326423395605,0.05555555555555555,0.3333333333333333,0.1355246470766871
"ltc","1574726400000","86400000",47.07,47.85,48.82,44.71,14810738.72,"reddit",17,2.411764705882353,0.49215295678475024,0,0.5882352941176471,0
"ltc","1574812800000","86400000",47.85,46.98,48.15,46.42,6731482.44,"reddit",49,2.7346938775510203,0.5984848285149054,0.08163265306122448,0.3469387755102041,0.20302189326677156
"ltc","1574899200000","86400000",46.98,48.77,49.42,46.95,9262487.3,"reddit",29,2.6206896551724137,0.6110360395403225,0.06896551724137931,0.4482758620689655,0.15800569166536538
"ltc","1574985600000","86400000",48.77,47.42,48.9,46.89,5652689.3,"reddit",44,2.840909090909091,0.7052782113264954,0.18181818181818182,0.3409090909090909,0.5070346551983371
"ltc","1575072000000","86400000",47.42,47.62,48.52,45.71,6596325.71,"reddit",76,2.6052631578947367,0.6299320633466221,0.06578947368421052,0.4473684210526316,0.14989535732734494
"ltc","1575158400000","86400000",47.62,45.66,47.74,44.81,9209951.96,"reddit",41,2.902439024390244,0.7259939544457176,0.21951219512195122,0.3170731707317073,0.6333339622242857
"ltc","1575244800000","86400000",45.66,44.9,46.34,44.47,7405084.39,"reddit",36,2.888888888888889,0.6573421981221795,0.16666666666666666,0.2777777777777778,0.4929879666753243
"ltc","1575331200000","86400000",44.9,44.76,47.18,43.91,15141742.6,"reddit",41,2.8780487804878048,0.6322673852105228,0.14634146341463414,0.2682926829268293,0.4348880190720683
"ltc","1575417600000","86400000",44.76,44.93,45.28,43.83,8298262.19,"reddit",24,2.875,0.5994789404140899,0.125,0.25,0.379948962255225
"ltc","1575504000000","86400000",44.93,45.49,45.66,44.24,6578179.91,"reddit",13,2.6923076923076925,0.6056929133855239,0.07692307692307693,0.38461538461538464,0.18360825300066086
"ltc","1575590400000","86400000",45.49,45.31,47.16,45.17,5308470.09,"reddit",17,2.5294117647058822,0.49913419848462187,0,0.47058823529411764,0
"ltc","1575676800000","86400000",45.31,45.7,46.36,45.02,4405279.58,"reddit",82,2.8048780487804876,0.63320756028035,0.12195121951219512,0.3170731707317073,0.329983167134678
"ltc","1575763200000","86400000",45.7,44.55,46,44.18,6930443.14,"reddit",51,2.8823529411764706,0.7578881603955955,0.23529411764705882,0.35294117647058826,0.6693274859077083
"ltc","1575849600000","86400000",44.55,44.19,44.66,43.73,5402201.03,"reddit",58,2.7586206896551726,0.7024671995677021,0.15517241379310345,0.39655172413793105,0.4107015698572767
"ltc","1575936000000","86400000",44.19,43.72,44.48,43.41,4264556.25,"reddit",8,2.75,0.6614378277661477,0.125,0.375,0.32151273753163445
"ltc","1576022400000","86400000",43.72,43.75,44.15,42.9,5175309.79,"reddit",17,3.235294117647059,0.7299808027053447,0.29411764705882354,0.11764705882352941,0.9718727459135088
"ltc","1576108800000","86400000",43.75,44.57,44.65,43.56,4209136.01,"reddit",35,2.6285714285714286,0.5897076411585798,0.05714285714285714,0.42857142857142855,0.12890838522271353
"ltc","1576195200000","86400000",44.57,43.44,44.77,43.4,3269080.44,"reddit",24,2.5416666666666665,0.4982608642958916,0,0.4583333333333333,0
"ltc","1576281600000","86400000",43.44,43.56,44.1,43.12,3112696.96,"reddit",40,2.775,0.6887488656977956,0.1,0.35,0.25405257274466053
"ltc","1576368000000","86400000",43.56,39.99,43.71,39.14,11809860.56,"reddit",48,2.9166666666666665,0.6400954789890506,0.16666666666666666,0.25,0.51640765518518
"ltc","1576454400000","86400000",39.99,37.03,40.18,36.33,14715709.77,"reddit",17,2.764705882352941,0.5455069703232767,0.058823529411764705,0.29411764705882354,0.1533266937154638
"ltc","1576540800000","86400000",37.03,40.86,41.58,36.03,15461015.93,"reddit",13,2.6923076923076925,0.4615384615384616,0,0.3076923076923077,0
"ltc","1576627200000","86400000",40.86,39.76,41.17,39.15,7603982.66,"reddit",30,2.7,0.6904105059069326,0.13333333333333333,0.43333333333333335,0.3408284688741561
"ltc","1576713600000","86400000",39.76,40.22,40.41,39.37,4641365.39,"reddit",18,2.888888888888889,0.936238863686262,0.2777777777777778,0.4444444444444444,0.8093010702017811
"ltc","1576800000000","86400000",40.22,39.8,40.27,39.61,3731347.75,"reddit",2,2.5,0.5,0,0.5,0
"ltc","1576886400000","86400000",39.8,42,42.29,39.78,6178751.01,"reddit",4,2.5,0.5,0,0.5,0
"ltc","1576972800000","86400000",42,40.68,42.72,40.31,8053294.09,"reddit",48,3.0416666666666665,0.6441510347391793,0.22916666666666666,0.1875,0.7808789692246909
"ltc","1577059200000","86400000",40.68,40.38,41.15,39.83,5668813.17,"reddit",46,2.847826086956522,0.6244089833193509,0.13043478260869565,0.2826086956521739,0.37408329338769564
"ltc","1577145600000","86400000",40.38,40.09,40.48,39.53,2694973.55,"reddit",6,3.1666666666666665,0.6871842709362768,0.3333333333333333,0.16666666666666666,0.9640275800758169
"ltc","1577232000000","86400000",40.09,40.02,41.74,39.7,4610337.81,"reddit",5,3.4,0.4898979485566356,0.4,0,1
"ltc","1577318400000","86400000",40.02,40.99,41.35,39.65,4910408.37,"reddit",27,2.6666666666666665,0.5443310539518175,0.037037037037037035,0.37037037037037035,0.08417534270599458
"ltc","1577404800000","86400000",40.99,42.79,43.72,40.94,8349783.39,"reddit",42,2.761904761904762,0.6098213559459853,0.09523809523809523,0.3333333333333333,0.2449186624037092
"ltc","1577491200000","86400000",42.79,43.16,43.78,42.17,6586912.27,"reddit",44,2.772727272727273,0.7343406555183415,0.18181818181818182,0.4090909090909091,0.49541387685294125
"ltc","1577577600000","86400000",43.16,42.32,44.1,41.83,6589875.24,"reddit",32,2.71875,0.624218261107443,0.09375,0.375,0.23104594868641892
"ltc","1577664000000","86400000",42.32,41.2,43.02,40.98,7549524.18,"reddit",23,2.9565217391304346,0.5499613322031965,0.13043478260869565,0.17391304347826086,0.4922779860615021
"ltc","1577750400000","86400000",41.2,41.6,42.04,41.1,3533800.9,"reddit",20,2.95,0.6689544080129826,0.1,0.2,0.3426949069654601
"ltc","1577836800000","86400000",41.6,39.42,41.69,39.08,6857265.39,"reddit",19,3,0.6488856845230502,0.10526315789473684,0.15789473684210525,0.4238541833213356